FIPS,Province_State,Last_Update,Lat,Long_,Confirmed,Deaths,Recovered,Active,Combined_Key,Incident_Rate,Case_Fatality_Ratio
07-01-2020,Tamil Nadu,02-07-2020 04:33,11.006091,78.400624,94049,1264,52926,39859,"Tamil Nadu, India",120.8215175,1.343980266
08-01-2020,Tamil Nadu,02-08-2020 04:34,11.006091,78.400624,251738,4034,190966,56738,"Tamil Nadu, India",323.3991554,1.6024597
09-01-2020,Tamil Nadu,02-09-2020 04:28,11.006091,78.400624,433969,7418,374172,52379,"Tamil Nadu, India",557.5050571,1.709338685
10-01-2020,Tamil Nadu,02-10-2020 04:23,11.006091,78.400624,603290,9586,547335,46369,"Tamil Nadu, India",775.0259255,1.588953903
11-01-2020,Tamil Nadu,02-11-2020 05:25,11.006091,78.400624,727026,11152,694880,20994,"Tamil Nadu, India",933.9853114,1.533920382
12-01-2020,Tamil Nadu,02-12-2020 05:27,11.006091,78.400624,783319,11722,760617,10980,"Tamil Nadu, India",1006.302994,1.496452914
07-02-2020,Tamil Nadu,03-07-2020 04:33,11.006091,78.400624,98392,1321,56021,41050,"Tamil Nadu, India",126.4008203,1.342588828
08-02-2020,Tamil Nadu,03-08-2020 04:34,11.006091,78.400624,257613,4132,196483,56998,"Tamil Nadu, India",330.9465659,1.603956322
09-02-2020,Tamil Nadu,03-09-2020 04:28,11.006091,78.400624,439959,7516,380063,52380,"Tamil Nadu, India",565.2002042,1.708341005
10-02-2020,Tamil Nadu,03-10-2020 04:23,11.006091,78.400624,608885,9653,552938,46294,"Tamil Nadu, India",782.2136297,1.585356841
11-02-2020,Tamil Nadu,03-11-2020 06:00,11.006091,78.400624,729507,11183,698820,19504,"Tamil Nadu, India",937.1725668,1.532953077
12-02-2020,Tamil Nadu,03-12-2020 05:28,11.006091,78.400624,784747,11733,762015,10999,"Tamil Nadu, India",1008.137496,1.495131552
07-03-2020,Tamil Nadu,04-07-2020 04:33,11.006091,78.400624,102721,1385,58378,42958,"Tamil Nadu, India",131.9621378,1.348312419
08-03-2020,Tamil Nadu,04-08-2020 04:41,11.006091,78.400624,263222,4241,202283,56698,"Tamil Nadu, India",338.1522554,1.611187515
09-03-2020,Tamil Nadu,04-09-2020 04:28,11.006091,78.400624,445851,7608,386173,52070,"Tamil Nadu, India",572.769454,1.706399672
10-03-2020,Tamil Nadu,04-10-2020 04:23,11.006091,78.400624,614507,9718,558534,46255,"Tamil Nadu, India",789.4360198,1.581430317
11-03-2020,Tamil Nadu,04-11-2020 05:25,11.006091,78.400624,731942,11214,701527,19201,"Tamil Nadu, India",940.3007276,1.532088608
12-03-2020,Tamil Nadu,04-12-2020 05:27,11.006091,78.400624,786163,11747,763428,10988,"Tamil Nadu, India",1009.956583,1.494219392
07-04-2020,Tamil Nadu,05-07-2020 04:33,11.006091,78.400624,107001,1450,60592,44959,"Tamil Nadu, India",137.4605066,1.355127522
08-04-2020,Tamil Nadu,05-08-2020 04:34,11.006091,78.400624,268285,4349,208784,55152,"Tamil Nadu, India",344.6565175,1.62103733
09-04-2020,Tamil Nadu,05-09-2020 04:28,11.006091,78.400624,451827,7687,392507,51633,"Tamil Nadu, India",580.4466158,1.701314884
10-04-2020,Tamil Nadu,05-10-2020 04:23,11.006091,78.400624,619996,9784,564092,46120,"Tamil Nadu, India",796.4875495,1.578074697
11-04-2020,Tamil Nadu,05-11-2020 06:05,11.006091,78.400624,734429,11244,704031,19154,"Tamil Nadu, India",943.495691,1.530985296
12-04-2020,Tamil Nadu,05-12-2020 05:27,11.006091,78.400624,787554,11762,764854,10938,"Tamil Nadu, India",1011.743552,1.493484891
07-05-2020,Tamil Nadu,06-07-2020 04:33,11.006091,78.400624,111151,1510,62778,46863,"Tamil Nadu, India",142.791869,1.358512294
08-05-2020,Tamil Nadu,06-08-2020 04:35,11.006091,78.400624,273460,4461,214815,54184,"Tamil Nadu, India",351.3046621,1.631317194
09-05-2020,Tamil Nadu,06-09-2020 04:28,11.006091,78.400624,457697,7748,398366,51583,"Tamil Nadu, India",587.987603,1.692822981
10-05-2020,Tamil Nadu,06-10-2020 04:23,11.006091,78.400624,625391,9846,569664,45881,"Tamil Nadu, India",803.4183205,1.574375071
11-05-2020,Tamil Nadu,06-11-2020 05:24,11.006091,78.400624,736777,11272,706444,19061,"Tamil Nadu, India",946.5120859,1.529906607
12-05-2020,Tamil Nadu,06-12-2020 05:26,11.006091,78.400624,788920,11777,766261,10882,"Tamil Nadu, India",1013.498406,1.492800284
07-06-2020,Tamil Nadu,07-07-2020 04:34,11.006091,78.400624,114978,1571,66571,46836,"Tamil Nadu, India",147.7082843,1.366348345
08-06-2020,Tamil Nadu,07-08-2020 04:35,11.006091,78.400624,279144,4571,221087,53486,"Tamil Nadu, India",358.6067015,1.63750609
09-06-2020,Tamil Nadu,07-09-2020 04:28,11.006091,78.400624,463480,7836,404186,51458,"Tamil Nadu, India",595.4168243,1.69068784
10-06-2020,Tamil Nadu,07-10-2020 04:23,11.006091,78.400624,630408,9917,575212,45279,"Tamil Nadu, India",809.863488,1.573108209
11-06-2020,Tamil Nadu,07-11-2020 05:24,11.006091,78.400624,739147,11299,708846,19002,"Tamil Nadu, India",949.5567435,1.528653975
12-06-2020,Tamil Nadu,07-12-2020 05:26,11.006091,78.400624,790240,11793,767759,10688,"Tamil Nadu, India",1015.194164,1.492331444
07-07-2020,Tamil Nadu,08-07-2020 05:33,11.006091,78.400624,118594,1636,71116,45842,"Tamil Nadu, India",152.3536353,1.379496433
08-07-2020,Tamil Nadu,08-08-2020 04:34,11.006091,78.400624,285024,4690,227575,52759,"Tamil Nadu, India",366.1605354,1.645475469
09-07-2020,Tamil Nadu,08-09-2020 04:28,11.006091,78.400624,469256,7925,410116,51215,"Tamil Nadu, India",602.837053,1.688843616
10-07-2020,Tamil Nadu,08-10-2020 04:23,11.006091,78.400624,635855,9984,580736,45135,"Tamil Nadu, India",816.8610616,1.5701693
11-07-2020,Tamil Nadu,08-11-2020 05:24,11.006091,78.400624,741488,11324,711198,18966,"Tamil Nadu, India",952.5641457,1.527199361
12-07-2020,Tamil Nadu,08-12-2020 05:27,11.006091,78.400624,791552,11809,769048,10695,"Tamil Nadu, India",1016.879646,1.491879245
07-08-2020,Tamil Nadu,09-07-2020 04:34,11.006091,78.400624,122350,1700,74167,46483,"Tamil Nadu, India",157.1788393,1.389456477
08-08-2020,Tamil Nadu,09-08-2020 04:34,11.006091,78.400624,290907,4808,232618,53481,"Tamil Nadu, India",373.7182233,1.652761879
09-08-2020,Tamil Nadu,09-09-2020 04:28,11.006091,78.400624,474940,8012,416715,50213,"Tamil Nadu, India",610.1390924,1.686949931
10-08-2020,Tamil Nadu,09-10-2020 04:23,11.006091,78.400624,640943,10052,586454,44437,"Tamil Nadu, India",823.3974403,1.568314187
11-08-2020,Tamil Nadu,09-11-2020 05:25,11.006091,78.400624,743822,11344,713584,18894,"Tamil Nadu, India",955.5625553,1.525096058
12-08-2020,Tamil Nadu,09-12-2020 05:28,11.006091,78.400624,792788,11822,770378,10588,"Tamil Nadu, India",1018.467492,1.491193106
07-09-2020,Tamil Nadu,10-07-2020 04:34,11.006091,78.400624,126581,1765,78161,46655,"Tamil Nadu, India",162.6142596,1.394364083
08-09-2020,Tamil Nadu,10-08-2020 04:34,11.006091,78.400624,296901,4927,238638,53336,"Tamil Nadu, India",381.418509,1.659475717
09-09-2020,Tamil Nadu,10-09-2020 04:29,11.006091,78.400624,480524,8090,423231,49203,"Tamil Nadu, India",617.3126653,1.68357876
10-09-2020,Tamil Nadu,10-10-2020 04:23,11.006091,78.400624,646128,10120,591811,44197,"Tamil Nadu, India",830.0584316,1.566253126
11-09-2020,Tamil Nadu,10-11-2020 05:40,11.006091,78.400624,746079,11362,715892,18825,"Tamil Nadu, India",958.4620456,1.522895029
12-09-2020,Tamil Nadu,10-12-2020 05:26,11.006091,78.400624,794020,11836,771693,10491,"Tamil Nadu, India",1020.0502,1.490642553
06-10-2020,Tamil Nadu,11-06-2020 03:33,11.006091,78.400624,34914,307,18325,16282,"Tamil Nadu, India",44.85281567,0.879303431
07-10-2020,Tamil Nadu,11-07-2020 04:34,11.006091,78.400624,130261,1829,82324,46108,"Tamil Nadu, India",167.3418291,1.404104068
08-10-2020,Tamil Nadu,11-08-2020 04:35,11.006091,78.400624,302815,5041,244675,53099,"Tamil Nadu, India",389.0160215,1.664712778
09-10-2020,Tamil Nadu,11-09-2020 04:46,11.006091,78.400624,486052,8154,429416,48482,"Tamil Nadu, India",624.4142969,1.677598282
10-10-2020,Tamil Nadu,11-10-2020 04:23,11.006091,78.400624,651370,10187,597033,44150,"Tamil Nadu, India",836.7926488,1.563934477
11-10-2020,Tamil Nadu,11-11-2020 05:25,11.006091,78.400624,748225,11387,718129,18709,"Tamil Nadu, India",961.218938,1.521868422
12-10-2020,Tamil Nadu,11-12-2020 05:26,11.006091,78.400624,795240,11853,772995,10392,"Tamil Nadu, India",1021.617492,1.490493436
06-11-2020,Tamil Nadu,12-06-2020 05:09,11.006091,78.400624,38716,349,20705,17662,"Tamil Nadu, India",49.73711438,0.901436099
07-11-2020,Tamil Nadu,12-07-2020 04:34,11.006091,78.400624,134226,1898,85915,46413,"Tamil Nadu, India",172.4355283,1.414033049
08-11-2020,Tamil Nadu,12-08-2020 04:27,11.006091,78.400624,308649,5159,250680,52810,"Tamil Nadu, India",396.5107608,1.671477957
09-11-2020,Tamil Nadu,12-09-2020 04:25,11.006091,78.400624,491571,8231,435422,47918,"Tamil Nadu, India",631.5043664,1.674427499
10-11-2020,Tamil Nadu,12-10-2020 04:23,11.006091,78.400624,656385,10252,602038,44095,"Tamil Nadu, India",843.2352469,1.561888221
11-11-2020,Tamil Nadu,12-11-2020 05:25,11.006091,78.400624,750409,11415,720339,18655,"Tamil Nadu, India",964.0246477,1.521170455
12-11-2020,Tamil Nadu,12-12-2020 05:26,11.006091,78.400624,796475,11870,774306,10299,"Tamil Nadu, India",1023.204054,1.490316708
06-12-2020,Tamil Nadu,13-06-2020 03:33,11.006091,78.400624,38716,349,20705,17662,"Tamil Nadu, India",49.73711438,0.901436099
07-12-2020,Tamil Nadu,13-07-2020 04:43,11.006091,78.400624,138470,1966,89532,46972,"Tamil Nadu, India",177.8876492,1.419802123
08-12-2020,Tamil Nadu,13-08-2020 04:29,11.006091,78.400624,314520,5278,256313,52929,"Tamil Nadu, India",404.0530327,1.67811268
09-12-2020,Tamil Nadu,13-09-2020 04:30,11.006091,78.400624,497066,8307,441649,47110,"Tamil Nadu, India",638.5636041,1.671206641
10-12-2020,Tamil Nadu,13-10-2020 04:24,11.006091,78.400624,661264,10314,607203,43747,"Tamil Nadu, India",849.5031305,1.559740134
11-12-2020,Tamil Nadu,13-11-2020 05:25,11.006091,78.400624,752521,11440,722686,18395,"Tamil Nadu, India",966.7378616,1.520223356
12-12-2020,Tamil Nadu,13-12-2020 05:27,11.006091,78.400624,797693,11883,775602,10208,"Tamil Nadu, India",1024.768777,1.489670838
01-01-2021,Tamil Nadu,02-01-2021 05:22,11.006091,78.400624,818935,12135,797391,9409,"Tamil Nadu, India",1052.057644,1.481802585
02-01-2021,Tamil Nadu,02-02-2021 05:22,11.006091,78.400624,838842,12363,821947,4532,"Tamil Nadu, India",1077.631483,1.473817477
03-01-2021,Tamil Nadu,02-03-2021 05:23,11.006091,78.400624,852016,12501,835506,4009,"Tamil Nadu, India",1094.555668,1.467225968
04-01-2021,Tamil Nadu,02-04-2021 04:20,11.006091,78.400624,889490,12738,859709,17043,"Tamil Nadu, India",1142.697228,1.432056572
05-01-2021,Tamil Nadu,02-05-2021 04:20,11.006091,78.400624,1186344,14193,1054746,117405,"Tamil Nadu, India",1524.055357,1.196364629
06-01-2021,Tamil Nadu,02-06-2021 04:24,11.006091,78.400624,2123029,24722,1802176,296131,"Tamil Nadu, India",2727.382379,1.164468314
07-01-2021,Tamil Nadu,02-07-2021 04:21,11.006091,78.400624,2484177,32721,2413930,37526,"Tamil Nadu, India",3191.336801,1.317176675
08-01-2021,Tamil Nadu,02-08-2021 04:21,11.006091,78.400624,2561587,34102,2506961,20524,"Tamil Nadu, India",3290.782767,1.331284083
01-02-2021,Tamil Nadu,03-01-2021 05:22,11.006091,78.400624,819845,12146,799427,8272,"Tamil Nadu, India",1053.22669,1.481499552
02-02-2021,Tamil Nadu,03-02-2021 05:22,11.006091,78.400624,839352,12367,822468,4517,"Tamil Nadu, India",1078.286663,1.473398526
03-02-2021,Tamil Nadu,03-03-2021 05:23,11.006091,78.400624,852478,12502,835979,3997,"Tamil Nadu, India",1095.149184,1.46654811
04-02-2021,Tamil Nadu,03-04-2021 04:20,11.006091,78.400624,892780,12750,861424,18606,"Tamil Nadu, India",1146.923778,1.42812339
05-02-2021,Tamil Nadu,03-05-2021 04:20,11.006091,78.400624,1207112,14346,1072322,120444,"Tamil Nadu, India",1550.735293,1.188456415
06-02-2021,Tamil Nadu,03-06-2021 04:23,11.006091,78.400624,2148346,25205,1834439,288702,"Tamil Nadu, India",2759.906259,1.173228149
07-02-2021,Tamil Nadu,03-07-2021 04:21,11.006091,78.400624,2488407,32818,2418882,36707,"Tamil Nadu, India",3196.770936,1.318835705
08-02-2021,Tamil Nadu,03-08-2021 04:21,11.006091,78.400624,2563544,34130,2509029,20385,"Tamil Nadu, India",3293.296858,1.331360023
01-03-2021,Tamil Nadu,04-01-2021 05:22,11.006091,78.400624,820712,12156,800429,8127,"Tamil Nadu, India",1054.340495,1.48115295
02-03-2021,Tamil Nadu,04-02-2021 05:22,11.006091,78.400624,839866,12371,823001,4494,"Tamil Nadu, India",1078.946981,1.47297307
03-03-2021,Tamil Nadu,04-03-2021 05:24,11.006091,78.400624,852967,12504,836473,3990,"Tamil Nadu, India",1095.777385,1.465941824
04-03-2021,Tamil Nadu,04-04-2021 04:20,11.006091,78.400624,896226,12764,863258,20204,"Tamil Nadu, India",1151.350735,1.424194344
05-03-2021,Tamil Nadu,04-05-2021 04:20,11.006091,78.400624,1228064,14468,1090338,123258,"Tamil Nadu, India",1577.651607,1.178114496
06-03-2021,Tamil Nadu,04-06-2021 04:23,11.006091,78.400624,2172751,25665,1866660,280426,"Tamil Nadu, India",2791.258524,1.18122141
07-03-2021,Tamil Nadu,04-07-2021 04:21,11.006091,78.400624,2492420,32933,2423606,35881,"Tamil Nadu, India",3201.9263,1.321326261
08-03-2021,Tamil Nadu,04-08-2021 04:21,11.006091,78.400624,2565452,34159,2511076,20217,"Tamil Nadu, India",3295.748,1.331500258
01-04-2021,Tamil Nadu,05-01-2021 05:21,11.006091,78.400624,821550,12166,801414,7970,"Tamil Nadu, India",1055.417045,1.480859351
02-04-2021,Tamil Nadu,05-02-2021 05:22,11.006091,78.400624,840360,12375,823518,4467,"Tamil Nadu, India",1079.581605,1.472583179
03-04-2021,Tamil Nadu,05-03-2021 05:26,11.006091,78.400624,853449,12508,836963,3978,"Tamil Nadu, India",1096.396594,1.465582595
04-04-2021,Tamil Nadu,05-04-2021 04:20,11.006091,78.400624,899807,12778,865071,21958,"Tamil Nadu, India",1155.951123,1.420082307
05-04-2021,Tamil Nadu,05-05-2021 04:20,11.006091,78.400624,1249292,14612,1109450,125230,"Tamil Nadu, India",1604.922489,1.169622474
06-04-2021,Tamil Nadu,05-06-2021 04:23,11.006091,78.400624,2195402,26128,1900306,268968,"Tamil Nadu, India",2820.357485,1.190123722
07-04-2021,Tamil Nadu,05-07-2021 04:21,11.006091,78.400624,2496287,33005,2427988,35294,"Tamil Nadu, India",3206.894102,1.322163677
08-04-2021,Tamil Nadu,05-08-2021 04:21,11.006091,78.400624,2567401,34197,2513087,20117,"Tamil Nadu, India",3298.251813,1.331969568
01-05-2021,Tamil Nadu,06-01-2021 05:22,11.006091,78.400624,822370,12177,802385,7808,"Tamil Nadu, India",1056.470471,1.480720357
02-05-2021,Tamil Nadu,06-02-2021 05:23,11.006091,78.400624,840849,12379,824024,4446,"Tamil Nadu, India",1080.209807,1.4722025
03-05-2021,Tamil Nadu,06-03-2021 04:23,11.006091,78.400624,853992,12513,837525,3954,"Tamil Nadu, India",1097.094167,1.465236208
04-05-2021,Tamil Nadu,06-04-2021 04:20,11.006091,78.400624,903479,12789,866913,23777,"Tamil Nadu, India",1160.668415,1.415528197
05-05-2021,Tamil Nadu,06-05-2021 04:20,11.006091,78.400624,1272602,14779,1129512,128311,"Tamil Nadu, India",1634.868045,1.16132145
06-05-2021,Tamil Nadu,06-06-2021 04:24,11.006091,78.400624,2216812,26571,1932778,257463,"Tamil Nadu, India",2847.862176,1.198613144
07-05-2021,Tamil Nadu,06-07-2021 04:21,11.006091,78.400624,2500002,33059,2432017,34926,"Tamil Nadu, India",3211.666634,1.322358942
01-06-2021,Tamil Nadu,07-01-2021 05:22,11.006091,78.400624,823181,12188,803328,7665,"Tamil Nadu, India",1057.512335,1.480597827
02-06-2021,Tamil Nadu,07-02-2021 05:23,11.006091,78.400624,841326,12382,824527,4417,"Tamil Nadu, India",1080.822592,1.471724397
03-06-2021,Tamil Nadu,07-03-2021 05:21,11.006091,78.400624,854554,12517,838085,3952,"Tamil Nadu, India",1097.816149,1.464740672
04-06-2021,Tamil Nadu,07-04-2021 04:20,11.006091,78.400624,907124,12804,868722,25598,"Tamil Nadu, India",1165.351021,1.411493908
05-06-2021,Tamil Nadu,07-05-2021 04:20,11.006091,78.400624,1297500,14974,1151058,131468,"Tamil Nadu, India",1666.85365,1.154065511
06-06-2021,Tamil Nadu,07-06-2021 04:22,11.006091,78.400624,2237233,27005,1965939,244289,"Tamil Nadu, India",2874.096332,1.207071414
07-06-2021,Tamil Nadu,07-07-2021 04:21,11.006091,78.400624,2503481,33132,2435872,34477,"Tamil Nadu, India",3216.135986,1.323437246
01-07-2021,Tamil Nadu,08-01-2021 05:22,11.006091,78.400624,823986,12200,804239,7547,"Tamil Nadu, India",1058.546491,1.48060768
02-07-2021,Tamil Nadu,08-02-2021 05:22,11.006091,78.400624,841797,12383,825025,4389,"Tamil Nadu, India",1081.42767,1.471019735
03-07-2021,Tamil Nadu,08-03-2021 05:24,11.006091,78.400624,855121,12518,838606,3997,"Tamil Nadu, India",1098.544555,1.463886397
04-07-2021,Tamil Nadu,08-04-2021 04:21,11.006091,78.400624,911110,12821,870546,27743,"Tamil Nadu, India",1170.471699,1.407184643
05-07-2021,Tamil Nadu,08-05-2021 04:21,11.006091,78.400624,1323965,15171,1173439,135355,"Tamil Nadu, India",1700.852326,1.145876213
06-07-2021,Tamil Nadu,08-06-2021 04:22,11.006091,78.400624,2256681,27356,1997299,232026,"Tamil Nadu, India",2899.08051,1.212222729
07-07-2021,Tamil Nadu,08-07-2021 04:21,11.006091,78.400624,2506848,33196,2439576,34076,"Tamil Nadu, India",3220.461455,1.324212717
01-08-2021,Tamil Nadu,09-01-2021 05:22,11.006091,78.400624,823986,12200,804239,7547,"Tamil Nadu, India",1058.546491,1.48060768
02-08-2021,Tamil Nadu,09-02-2021 05:23,11.006091,78.400624,842261,12387,825520,4354,"Tamil Nadu, India",1082.023755,1.470684265
03-08-2021,Tamil Nadu,09-03-2021 05:28,11.006091,78.400624,855677,12521,839138,4018,"Tamil Nadu, India",1099.258829,1.463285796
04-08-2021,Tamil Nadu,09-04-2021 04:21,11.006091,78.400624,915386,12840,872415,30131,"Tamil Nadu, India",1175.964929,1.402686954
05-08-2021,Tamil Nadu,09-05-2021 04:20,11.006091,78.400624,1351362,15412,1196549,139401,"Tamil Nadu, India",1736.04831,1.140479013
06-08-2021,Tamil Nadu,09-06-2021 04:23,11.006091,78.400624,2274704,27765,2028344,218595,"Tamil Nadu, India",2922.234038,1.220598372
07-08-2021,Tamil Nadu,09-07-2021 04:21,11.006091,78.400624,2510059,33253,2443141,33665,"Tamil Nadu, India",3224.586517,1.324789577
01-09-2021,Tamil Nadu,10-01-2021 05:22,11.006091,78.400624,825537,12215,806018,7304,"Tamil Nadu, India",1060.539007,1.479642948
02-09-2021,Tamil Nadu,10-02-2021 05:22,11.006091,78.400624,842730,12391,826011,4328,"Tamil Nadu, India",1082.626263,1.470340441
03-09-2021,Tamil Nadu,10-03-2021 05:24,11.006091,78.400624,856246,12525,839648,4073,"Tamil Nadu, India",1099.989804,1.462780556
04-09-2021,Tamil Nadu,10-04-2021 04:20,11.006091,78.400624,920827,12863,874305,33659,"Tamil Nadu, India",1182.954794,1.396896485
05-09-2021,Tamil Nadu,10-05-2021 04:20,11.006091,78.400624,1380259,15648,1220064,144547,"Tamil Nadu, India",1773.171292,1.133700269
06-09-2021,Tamil Nadu,10-06-2021 04:23,11.006091,78.400624,2292025,28170,2059597,204258,"Tamil Nadu, India",2944.485731,1.229044186
07-09-2021,Tamil Nadu,10-07-2021 04:21,11.006091,78.400624,2513098,33322,2446552,33224,"Tamil Nadu, India",3228.490615,1.325933171
01-10-2021,Tamil Nadu,11-01-2021 05:21,11.006091,78.400624,826261,12222,806875,7164,"Tamil Nadu, India",1061.469105,1.47919362
02-10-2021,Tamil Nadu,11-02-2021 05:23,11.006091,78.400624,843209,12396,826504,4309,"Tamil Nadu, India",1083.241618,1.470098161
03-10-2021,Tamil Nadu,11-03-2021 05:25,11.006091,78.400624,856917,12530,840180,4207,"Tamil Nadu, India",1100.851814,1.462218628
04-10-2021,Tamil Nadu,11-04-2021 04:20,11.006091,78.400624,926816,12886,876257,37673,"Tamil Nadu, India",1190.648657,1.390351483
05-10-2021,Tamil Nadu,11-05-2021 04:20,11.006091,78.400624,1409237,15880,1240968,152389,"Tamil Nadu, India",1810.398333,1.126850913
06-10-2021,Tamil Nadu,11-06-2021 04:23,11.006091,78.400624,2308838,28528,2091646,188664,"Tamil Nadu, India",2966.084815,1.235599899
07-10-2021,Tamil Nadu,11-07-2021 04:21,11.006091,78.400624,2516011,33371,2449873,32767,"Tamil Nadu, India",3232.232846,1.326345553
01-11-2021,Tamil Nadu,12-01-2021 05:22,11.006091,78.400624,826943,12228,807744,6971,"Tamil Nadu, India",1062.345247,1.478699257
02-11-2021,Tamil Nadu,12-02-2021 05:23,11.006091,78.400624,843690,12402,826994,4294,"Tamil Nadu, India",1083.859542,1.469971198
03-11-2021,Tamil Nadu,12-03-2021 05:26,11.006091,78.400624,857602,12535,840723,4344,"Tamil Nadu, India",1101.73181,1.461633718
04-11-2021,Tamil Nadu,12-04-2021 04:21,11.006091,78.400624,933434,12908,878571,41955,"Tamil Nadu, India",1199.150574,1.38285085
05-11-2021,Tamil Nadu,12-05-2021 04:21,11.006091,78.400624,1438509,16178,1260150,162181,"Tamil Nadu, India",1848.003065,1.12463669
06-11-2021,Tamil Nadu,12-06-2021 04:22,11.006091,78.400624,2324597,28906,2120889,174802,"Tamil Nadu, India",2986.32986,1.243484354
07-11-2021,Tamil Nadu,12-07-2021 04:21,11.006091,78.400624,2518786,33418,2453061,32307,"Tamil Nadu, India",3235.797793,1.326750268
01-12-2021,Tamil Nadu,13-01-2021 05:22,11.006091,78.400624,827614,12236,808571,6807,"Tamil Nadu, India",1063.207257,1.478467015
02-12-2021,Tamil Nadu,13-02-2021 05:22,11.006091,78.400624,844173,12408,827480,4285,"Tamil Nadu, India",1084.480036,1.469840898
03-12-2021,Tamil Nadu,13-03-2021 05:25,11.006091,78.400624,858272,12539,841250,4483,"Tamil Nadu, India",1102.592536,1.460958764
04-12-2021,Tamil Nadu,13-04-2021 04:20,11.006091,78.400624,940145,12927,880910,46308,"Tamil Nadu, India",1207.771965,1.375000665
05-12-2021,Tamil Nadu,13-05-2021 04:20,11.006091,78.400624,1468864,16471,1279658,172735,"Tamil Nadu, India",1886.99909,1.121342752
06-12-2021,Tamil Nadu,13-06-2021 04:22,11.006091,78.400624,2339705,29280,2148352,162073,"Tamil Nadu, India",3005.738589,1.251439818
07-12-2021,Tamil Nadu,13-07-2021 04:21,11.006091,78.400624,2521438,33454,2456165,31819,"Tamil Nadu, India",3239.204727,1.326782574
09-01-2022,Tamil Nadu,02-09-2022 04:21,11.006091,78.400624,3569142,38035,"Tamil Nadu, India",4585.154042,1.06566228,,
09-02-2022,Tamil Nadu,03-09-2022 04:21,11.006091,78.400624,3569624,38036,"Tamil Nadu, India",4585.773251,1.065546399,,
09-03-2022,Tamil Nadu,04-09-2022 04:21,11.006091,78.400624,3570097,38036,"Tamil Nadu, India",4586.380897,1.065405226,,
09-04-2022,Tamil Nadu,05-09-2022 04:21,11.006091,78.400624,3570567,38036,"Tamil Nadu, India",4586.98469,1.065264985,,
08-05-2022,Tamil Nadu,06-08-2022 04:20,11.006091,78.400624,3550547,38033,"Tamil Nadu, India",4561.265684,1.071187059,,
09-05-2022,Tamil Nadu,06-09-2022 04:21,11.006091,78.400624,3571030,38036,"Tamil Nadu, India",4587.57949,1.065126868,,
08-06-2022,Tamil Nadu,07-08-2022 04:20,11.006091,78.400624,3551641,38033,"Tamil Nadu, India",4562.671109,1.070857105,,
08-07-2022,Tamil Nadu,08-08-2022 04:21,11.006091,78.400624,3551641,38033,"Tamil Nadu, India",4562.671109,1.070857105,,
08-08-2022,Tamil Nadu,09-08-2022 04:20,11.006091,78.400624,3553670,38033,"Tamil Nadu, India",4565.277695,1.07024569,,
08-09-2022,Tamil Nadu,10-08-2022 04:20,11.006091,78.400624,3554611,38033,"Tamil Nadu, India",4566.486566,1.069962367,,
08-10-2022,Tamil Nadu,11-08-2022 04:20,11.006091,78.400624,3555538,38033,"Tamil Nadu, India",4567.677451,1.069683407,,
08-11-2022,Tamil Nadu,12-08-2022 04:20,11.006091,78.400624,3556430,38033,"Tamil Nadu, India",4568.823372,1.069415116,,
08-12-2022,Tamil Nadu,13-08-2022 04:20,11.006091,78.400624,3557254,38033,"Tamil Nadu, India",4569.881937,1.069167397,,
01-01-2023,Tamil Nadu,02-01-2023 04:20,11.006091,78.400624,3594444,38049,"Tamil Nadu, India",4617.658651,1.058550363,,
02-01-2023,Tamil Nadu,02-02-2023 04:20,11.006091,78.400624,3594663,38049,"Tamil Nadu, India",4617.939993,1.058485872,,
01-02-2023,Tamil Nadu,03-01-2023 04:21,11.006091,78.400624,3594456,38049,"Tamil Nadu, India",4617.674067,1.058546829,,
02-02-2023,Tamil Nadu,03-02-2023 04:20,11.006091,78.400624,3594668,38049,"Tamil Nadu, India",4617.946417,1.0584844,,
01-03-2023,Tamil Nadu,04-01-2023 04:21,11.006091,78.400624,3594466,38049,"Tamil Nadu, India",4617.686914,1.058543884,,
02-03-2023,Tamil Nadu,04-02-2023 04:21,11.006091,78.400624,3594671,38049,"Tamil Nadu, India",4617.950271,1.058483516,,
01-04-2023,Tamil Nadu,05-01-2023 04:21,11.006091,78.400624,3594478,38049,"Tamil Nadu, India",4617.70233,1.05854035,,
02-04-2023,Tamil Nadu,05-02-2023 04:20,11.006091,78.400624,3594675,38049,"Tamil Nadu, India",4617.955409,1.058482338,,
01-05-2023,Tamil Nadu,06-01-2023 04:21,11.006091,78.400624,3594487,38049,"Tamil Nadu, India",4617.713892,1.0585377,,
02-05-2023,Tamil Nadu,06-02-2023 04:21,11.006091,78.400624,3594681,38049,"Tamil Nadu, India",4617.963117,1.058480572,,
01-06-2023,Tamil Nadu,07-01-2023 04:21,11.006091,78.400624,3594494,38049,"Tamil Nadu, India",4617.722885,1.058535638,,
02-06-2023,Tamil Nadu,07-02-2023 04:21,11.006091,78.400624,3594685,38049,"Tamil Nadu, India",4617.968256,1.058479394,,
01-07-2023,Tamil Nadu,08-01-2023 04:21,11.006091,78.400624,3594501,38049,"Tamil Nadu, India",4617.731877,1.058533577,,
02-07-2023,Tamil Nadu,08-02-2023 04:20,11.006091,78.400624,3594691,38049,"Tamil Nadu, India",4617.975964,1.058477627,,
01-08-2023,Tamil Nadu,09-01-2023 04:20,11.006091,78.400624,3594509,38049,"Tamil Nadu, India",4617.742155,1.058531221,,
02-08-2023,Tamil Nadu,09-02-2023 04:20,11.006091,78.400624,3594699,38049,"Tamil Nadu, India",4617.986241,1.058475272,,
01-09-2023,Tamil Nadu,10-01-2023 04:20,11.006091,78.400624,3594515,38049,"Tamil Nadu, India",4617.749863,1.058529454,,
02-09-2023,Tamil Nadu,10-02-2023 04:20,11.006091,78.400624,3594708,38049,"Tamil Nadu, India",4617.997803,1.058472621,,
01-10-2023,Tamil Nadu,11-01-2023 04:21,11.006091,78.400624,3594523,38049,"Tamil Nadu, India",4617.76014,1.058527098,,
02-10-2023,Tamil Nadu,10-02-2023 20:20,11.006091,78.400624,3594708,38049,"Tamil Nadu, India",4617.997803,1.058472621,,
01-11-2023,Tamil Nadu,12-01-2023 04:20,11.006091,78.400624,3594531,38049,"Tamil Nadu, India",4617.770417,1.058524742,,
02-11-2023,Tamil Nadu,11-02-2023 20:21,11.006091,78.400624,3594715,38049,"Tamil Nadu, India",4618.006796,1.05847056,,
01-12-2023,Tamil Nadu,13-01-2023 04:20,11.006091,78.400624,3594540,38049,"Tamil Nadu, India",4617.781979,1.058522092,,
02-12-2023,Tamil Nadu,13-02-2023 04:20,11.006091,78.400624,3594728,38049,"Tamil Nadu, India",4618.023496,1.058466732,,
01-13-2021,Tamil Nadu,14-01-2021 05:22,11.006091,78.400624,828287,12242,809392,6653,"Tamil Nadu, India",1064.071837,1.477990117
01-13-2022,Tamil Nadu,14-01-2022 04:21,11.006091,78.400624,2847589,36905,"Tamil Nadu, India",3658.199705,1.296008659,,
01-13-2023,Tamil Nadu,14-01-2023 04:20,11.006091,78.400624,3594550,38049,"Tamil Nadu, India",4617.794826,1.058519147,,
01-14-2021,Tamil Nadu,15-01-2021 17:22,11.006091,78.400624,828952,12246,810218,6488,"Tamil Nadu, India",1064.92614,1.477286984
01-14-2023,Tamil Nadu,15-01-2023 04:20,11.006091,78.400624,3594558,38049,"Tamil Nadu, India",4617.805103,1.058516791,,
01-15-2021,Tamil Nadu,16-01-2021 05:22,11.006091,78.400624,829573,12251,811023,6299,"Tamil Nadu, India",1065.723917,1.476783839
01-15-2023,Tamil Nadu,16-01-2023 04:21,11.006091,78.400624,3594566,38049,"Tamil Nadu, India",4617.815381,1.058514435,,
01-16-2021,Tamil Nadu,17-01-2021 05:22,11.006091,78.400624,830183,12257,811798,6128,"Tamil Nadu, India",1066.507563,1.476421464
01-16-2023,Tamil Nadu,17-01-2023 04:21,11.006091,78.400624,3594573,38049,"Tamil Nadu, India",4617.824373,1.058512374,,
01-17-2021,Tamil Nadu,18-01-2021 05:22,11.006091,78.400624,830772,12264,812568,5940,"Tamil Nadu, India",1067.264231,1.476217301
01-17-2023,Tamil Nadu,18-01-2023 04:21,11.006091,78.400624,3594578,38049,"Tamil Nadu, India",4617.830797,1.058510902,,
01-18-2021,Tamil Nadu,19-01-2021 05:22,11.006091,78.400624,831323,12272,813326,5725,"Tamil Nadu, India",1067.972082,1.476201188
01-18-2023,Tamil Nadu,19-01-2023 04:20,11.006091,78.400624,3594584,38049,"Tamil Nadu, India",4617.838505,1.058509135,,
01-19-2021,Tamil Nadu,20-01-2021 05:21,11.006091,78.400624,831866,12281,814098,5487,"Tamil Nadu, India",1068.669656,1.476319503
01-20-2021,Tamil Nadu,21-01-2021 05:22,11.006091,78.400624,832415,12290,814811,5314,"Tamil Nadu, India",1069.374937,1.476427023
01-20-2023,Tamil Nadu,21-01-2023 04:20,11.006091,78.400624,3594593,38049,"Tamil Nadu, India",4617.850067,1.058506485,,
01-21-2021,Tamil Nadu,22-01-2021 05:22,11.006091,78.400624,833011,12299,815516,5196,"Tamil Nadu, India",1070.140598,1.476451091
01-21-2023,Tamil Nadu,22-01-2023 04:20,11.006091,78.400624,3594598,38049,"Tamil Nadu, India",4617.85649,1.058505012,,
01-22-2021,Tamil Nadu,23-01-2021 05:22,11.006091,78.400624,833585,12307,816205,5073,"Tamil Nadu, India",1070.877996,1.476394129
01-22-2023,Tamil Nadu,23-01-2023 04:21,11.006091,78.400624,3594602,38049,"Tamil Nadu, India",4617.861629,1.058503834,,
01-23-2021,Tamil Nadu,24-01-2021 05:22,11.006091,78.400624,834171,12309,816878,4984,"Tamil Nadu, India",1071.63081,1.47559673
01-23-2023,Tamil Nadu,24-01-2023 04:21,11.006091,78.400624,3594609,38049,"Tamil Nadu, India",4617.870621,1.058501773,,
01-24-2021,Tamil Nadu,25-01-2021 05:22,11.006091,78.400624,834740,12316,817520,4904,"Tamil Nadu, India",1072.361785,1.475429475
01-24-2023,Tamil Nadu,25-01-2023 04:20,11.006091,78.400624,3594619,38049,"Tamil Nadu, India",4617.883468,1.058498828,,
01-25-2021,Tamil Nadu,26-01-2021 05:22,11.006091,78.400624,835280,12320,818147,4813,"Tamil Nadu, India",1073.055504,1.474954506
01-25-2023,Tamil Nadu,26-01-2023 04:20,11.006091,78.400624,3594629,38049,"Tamil Nadu, India",4617.896315,1.058495884,,
01-26-2021,Tamil Nadu,27-01-2021 05:23,11.006091,78.400624,835803,12325,818742,4736,"Tamil Nadu, India",1073.727384,1.474629787
01-26-2023,Tamil Nadu,27-01-2023 04:20,11.006091,78.400624,3594636,38049,"Tamil Nadu, India",4617.905307,1.058493822,,
01-27-2021,Tamil Nadu,28-01-2021 05:22,11.006091,78.400624,836315,12333,819306,4676,"Tamil Nadu, India",1074.385133,1.474683582
01-27-2023,Tamil Nadu,28-01-2023 04:21,11.006091,78.400624,3594642,38049,"Tamil Nadu, India",4617.913015,1.058492056,,
01-28-2021,Tamil Nadu,29-01-2021 05:22,11.006091,78.400624,836818,12339,819850,4629,"Tamil Nadu, India",1075.03132,1.474514172
01-28-2023,Tamil Nadu,29-01-2023 04:21,11.006091,78.400624,3594647,38049,"Tamil Nadu, India",4617.919439,1.058490583,,
01-29-2021,Tamil Nadu,30-01-2021 05:22,11.006091,78.400624,837327,12345,820381,4601,"Tamil Nadu, India",1075.685215,1.4743344
01-29-2023,Tamil Nadu,30-01-2023 04:20,11.006091,78.400624,3594651,38049,"Tamil Nadu, India",4617.924577,1.058489406,,
01-30-2021,Tamil Nadu,31-01-2021 05:22,11.006091,78.400624,837832,12350,820907,4575,"Tamil Nadu, India",1076.333971,1.474042529
01-30-2023,Tamil Nadu,31-01-2023 04:20,11.006091,78.400624,3594655,38049,"Tamil Nadu, India",4617.929716,1.058488228,,
01-31-2021,Tamil Nadu,01-02-2021 05:22,11.006091,78.400624,838340,12356,821430,4554,"Tamil Nadu, India",1076.986581,1.473865019
01-31-2023,Tamil Nadu,01-02-2023 04:20,11.006091,78.400624,3594659,38049,"Tamil Nadu, India",4617.934855,1.05848705,,
02-13-2021,Tamil Nadu,14-02-2021 05:23,11.006091,78.400624,844650,12413,827962,4275,"Tamil Nadu, India",1085.092821,1.469602794
02-14-2021,Tamil Nadu,15-02-2021 05:24,11.006091,78.400624,845120,12419,828441,4260,"Tamil Nadu, India",1085.696614,1.469495456
02-14-2023,Tamil Nadu,15-02-2023 04:20,11.006091,78.400624,3594738,38049,"Tamil Nadu, India",4618.036343,1.058463788,,
02-15-2021,Tamil Nadu,16-02-2021 05:24,11.006091,78.400624,845575,12425,828918,4232,"Tamil Nadu, India",1086.281137,1.469414304
02-15-2023,Tamil Nadu,16-02-2023 04:20,11.006091,78.400624,3594744,38049,"Tamil Nadu, India",4618.044051,1.058462021,,
02-16-2021,Tamil Nadu,17-02-2021 05:23,11.006091,78.400624,846026,12432,829388,4206,"Tamil Nadu, India",1086.860521,1.469458385
02-16-2023,Tamil Nadu,17-02-2023 04:20,11.006091,78.400624,3594750,38049,"Tamil Nadu, India",4618.051759,1.058460255,,
02-17-2021,Tamil Nadu,18-02-2021 05:22,11.006091,78.400624,846480,12438,829850,4192,"Tamil Nadu, India",1087.443759,1.469379076
02-17-2023,Tamil Nadu,18-02-2023 04:20,11.006091,78.400624,3594758,38049,"Tamil Nadu, India",4618.062036,1.058457899,,
02-18-2021,Tamil Nadu,19-02-2021 05:24,11.006091,78.400624,846937,12444,830320,4173,"Tamil Nadu, India",1088.030851,1.469294646
02-18-2023,Tamil Nadu,19-02-2023 04:21,11.006091,78.400624,3594764,38049,"Tamil Nadu, India",4618.069744,1.058456132,,
02-19-2021,Tamil Nadu,20-02-2021 05:22,11.006091,78.400624,847385,12451,830787,4147,"Tamil Nadu, India",1088.606381,1.469343923
02-20-2021,Tamil Nadu,21-02-2021 05:24,11.006091,78.400624,847823,12457,831246,4120,"Tamil Nadu, India",1089.169065,1.469292529
02-20-2023,Tamil Nadu,21-02-2023 04:21,11.006091,78.400624,3594782,38049,"Tamil Nadu, India",4618.092868,1.058450832,,
02-21-2021,Tamil Nadu,22-02-2021 05:24,11.006091,78.400624,848275,12460,831706,4109,"Tamil Nadu, India",1089.749734,1.468863281
02-21-2023,Tamil Nadu,22-02-2023 04:21,11.006091,78.400624,3594791,38049,"Tamil Nadu, India",4618.10443,1.058448182,,
02-22-2021,Tamil Nadu,23-02-2021 05:23,11.006091,78.400624,848724,12466,832167,4091,"Tamil Nadu, India",1090.326549,1.468793153
02-22-2023,Tamil Nadu,23-02-2023 04:21,11.006091,78.400624,3594801,38049,"Tamil Nadu, India",4618.117277,1.058445238,,
02-23-2021,Tamil Nadu,24-02-2021 05:29,11.006091,78.400624,849166,12472,832620,4074,"Tamil Nadu, India",1090.894371,1.468735206
02-23-2023,Tamil Nadu,24-02-2023 04:20,11.006091,78.400624,3594813,38049,"Tamil Nadu, India",4618.132693,1.058441705,,
02-24-2021,Tamil Nadu,25-02-2021 05:24,11.006091,78.400624,849629,12478,833089,4062,"Tamil Nadu, India",1091.489171,1.468641019
02-24-2023,Tamil Nadu,25-02-2023 04:21,11.006091,78.400624,3594826,38049,"Tamil Nadu, India",4618.149394,1.058437877,,
02-25-2021,Tamil Nadu,26-02-2021 05:22,11.006091,78.400624,850096,12483,833560,4053,"Tamil Nadu, India",1092.08911,1.46842239
02-25-2023,Tamil Nadu,26-02-2023 04:20,11.006091,78.400624,3594840,38049,"Tamil Nadu, India",4618.167379,1.058433755,,
02-26-2021,Tamil Nadu,27-02-2021 05:22,11.006091,78.400624,850577,12488,834043,4046,"Tamil Nadu, India",1092.707034,1.468179836
02-27-2021,Tamil Nadu,28-02-2021 05:22,11.006091,78.400624,851063,12493,834534,4036,"Tamil Nadu, India",1093.331382,1.467928931
02-28-2021,Tamil Nadu,01-03-2021 05:23,11.006091,78.400624,851542,12496,835024,4022,"Tamil Nadu, India",1093.946737,1.46745551
03-13-2021,Tamil Nadu,14-03-2021 05:25,11.006091,78.400624,858967,12543,841762,4662,"Tamil Nadu, India",1103.485379,1.460242361
03-14-2021,Tamil Nadu,15-03-2021 05:25,11.006091,78.400624,859726,12547,842309,4870,"Tamil Nadu, India",1104.46044,1.459418466
03-15-2021,Tamil Nadu,16-03-2021 05:25,11.006091,78.400624,860562,12551,842862,5149,"Tamil Nadu, India",1105.53442,1.458465514
03-16-2021,Tamil Nadu,17-03-2021 05:25,11.006091,78.400624,861429,12556,843423,5450,"Tamil Nadu, India",1106.648226,1.457578048
03-17-2021,Tamil Nadu,18-03-2021 05:26,11.006091,78.400624,862374,12564,843999,5811,"Tamil Nadu, India",1107.862235,1.456908488
03-18-2021,Tamil Nadu,19-03-2021 05:26,11.006091,78.400624,863363,12573,844568,6222,"Tamil Nadu, India",1109.132769,1.456282004
03-19-2021,Tamil Nadu,20-03-2021 05:25,11.006091,78.400624,864450,12582,845178,6690,"Tamil Nadu, India",1110.5292,1.455491931
03-20-2021,Tamil Nadu,21-03-2021 05:25,11.006091,78.400624,865693,12590,845812,7291,"Tamil Nadu, India",1112.12604,1.454326187
03-21-2021,Tamil Nadu,22-03-2021 05:25,11.006091,78.400624,866982,12599,846480,7903,"Tamil Nadu, India",1113.781974,1.453202027
03-22-2021,Tamil Nadu,23-03-2021 05:26,11.006091,78.400624,868367,12609,847139,8619,"Tamil Nadu, India",1115.561236,1.452035833
03-23-2021,Tamil Nadu,24-03-2021 05:25,11.006091,78.400624,869804,12618,848041,9145,"Tamil Nadu, India",1117.4073,1.450671646
03-24-2021,Tamil Nadu,25-03-2021 05:27,11.006091,78.400624,871440,12630,849064,9746,"Tamil Nadu, India",1119.509013,1.449325255
03-25-2021,Tamil Nadu,26-03-2021 05:26,11.006091,78.400624,873219,12641,850091,10487,"Tamil Nadu, India",1121.794433,1.447632266
03-26-2021,Tamil Nadu,27-03-2021 05:25,11.006091,78.400624,875190,12650,851222,11318,"Tamil Nadu, India",1124.326509,1.445400427
03-27-2021,Tamil Nadu,28-03-2021 05:28,11.006091,78.400624,877279,12659,852463,12157,"Tamil Nadu, India",1127.010176,1.442984501
03-28-2021,Tamil Nadu,29-03-2021 04:28,11.006091,78.400624,879473,12670,853733,13070,"Tamil Nadu, India",1129.828732,1.440635471
03-29-2021,Tamil Nadu,30-03-2021 04:26,11.006091,78.400624,881752,12684,855085,13983,"Tamil Nadu, India",1132.756485,1.438499714
03-30-2021,Tamil Nadu,31-03-2021 04:26,11.006091,78.400624,884094,12700,856548,14846,"Tamil Nadu, India",1135.765172,1.436498834
03-31-2021,Tamil Nadu,01-04-2021 04:27,11.006091,78.400624,886673,12719,858075,15879,"Tamil Nadu, India",1139.078325,1.434463438
04-13-2021,Tamil Nadu,14-04-2021 04:20,11.006091,78.400624,947129,12945,884199,49985,"Tamil Nadu, India",1216.74407,1.366762078
04-14-2021,Tamil Nadu,15-04-2021 04:20,11.006091,78.400624,954948,12970,887663,54315,"Tamil Nadu, India",1226.78887,1.358189137
04-15-2021,Tamil Nadu,16-04-2021 04:20,11.006091,78.400624,962935,12999,891839,58097,"Tamil Nadu, India",1237.049495,1.349935354
04-16-2021,Tamil Nadu,17-04-2021 04:20,11.006091,78.400624,971384,13032,896759,61593,"Tamil Nadu, India",1247.903634,1.341590967
04-17-2021,Tamil Nadu,18-04-2021 04:20,11.006091,78.400624,980728,13071,902022,65635,"Tamil Nadu, India",1259.90755,1.332785441
04-18-2021,Tamil Nadu,19-04-2021 04:20,11.006091,78.400624,991451,13113,907947,70391,"Tamil Nadu, India",1273.68302,1.322606967
04-19-2021,Tamil Nadu,20-04-2021 04:20,11.006091,78.400624,1002392,13157,914119,75116,"Tamil Nadu, India",1287.738546,1.312560356
04-20-2021,Tamil Nadu,21-04-2021 04:21,11.006091,78.400624,1013378,13205,920369,79804,"Tamil Nadu, India",1301.851883,1.303067562
04-21-2021,Tamil Nadu,22-04-2021 04:20,11.006091,78.400624,1025059,13258,927440,84361,"Tamil Nadu, India",1316.858062,1.293388966
04-22-2021,Tamil Nadu,23-04-2021 04:20,11.006091,78.400624,1037711,13317,934966,89428,"Tamil Nadu, India",1333.111651,1.283305275
04-23-2021,Tamil Nadu,24-04-2021 04:20,11.006091,78.400624,1051487,13395,943044,95048,"Tamil Nadu, India",1350.809205,1.273910186
04-24-2021,Tamil Nadu,25-04-2021 04:20,11.006091,78.400624,1066329,13475,952186,100668,"Tamil Nadu, India",1369.876212,1.263681284
04-25-2021,Tamil Nadu,26-04-2021 04:21,11.006091,78.400624,1081988,13557,963251,105180,"Tamil Nadu, India",1389.992791,1.252971382
04-26-2021,Tamil Nadu,27-04-2021 04:20,11.006091,78.400624,1097672,13651,976876,107145,"Tamil Nadu, India",1410.141487,1.243631977
04-27-2021,Tamil Nadu,28-04-2021 04:20,11.006091,78.400624,1113502,13728,990919,108855,"Tamil Nadu, India",1430.477744,1.232867117
04-28-2021,Tamil Nadu,29-04-2021 04:20,11.006091,78.400624,1130167,13826,1006033,110308,"Tamil Nadu, India",1451.886697,1.223359026
04-29-2021,Tamil Nadu,30-04-2021 04:21,11.006091,78.400624,1148064,13933,1021575,112556,"Tamil Nadu, India",1474.878357,1.213608301
04-30-2021,Tamil Nadu,01-05-2021 04:20,11.006091,78.400624,1166756,14046,1037582,115128,"Tamil Nadu, India",1498.891327,1.203850677
05-13-2021,Tamil Nadu,14-05-2021 04:20,11.006091,78.400624,1499485,16768,1298945,183772,"Tamil Nadu, India",1926.336836,1.118250599
05-14-2021,Tamil Nadu,15-05-2021 04:20,11.006091,78.400624,1531377,17056,1318982,195339,"Tamil Nadu, India",1967.307392,1.11376885
05-15-2021,Tamil Nadu,16-05-2021 04:20,11.006091,78.400624,1565035,17359,1339887,207789,"Tamil Nadu, India",2010.546668,1.109176472
05-16-2021,Tamil Nadu,17-05-2021 04:20,11.006091,78.400624,1598216,17670,1361204,219342,"Tamil Nadu, India",2053.173158,1.105607753
05-17-2021,Tamil Nadu,18-05-2021 04:20,11.006091,78.400624,1631291,18005,1381690,231596,"Tamil Nadu, India",2095.663474,1.103727048
05-18-2021,Tamil Nadu,19-05-2021 04:20,11.006091,78.400624,1664350,18369,1403052,242929,"Tamil Nadu, India",2138.133235,1.103674107
05-19-2021,Tamil Nadu,20-05-2021 04:21,11.006091,78.400624,1699225,18734,1426915,253576,"Tamil Nadu, India",2182.935948,1.102502611
05-20-2021,Tamil Nadu,21-05-2021 04:20,11.006091,78.400624,1734804,19131,1452283,263390,"Tamil Nadu, India",2228.643067,1.102775876
05-21-2021,Tamil Nadu,22-05-2021 04:20,11.006091,78.400624,1770988,19598,1476761,274629,"Tamil Nadu, India",2275.127408,1.106613935
05-22-2021,Tamil Nadu,23-05-2021 04:20,11.006091,78.400624,1806861,20046,1502537,284278,"Tamil Nadu, India",2321.212218,1.109437859
05-23-2021,Tamil Nadu,24-05-2021 04:20,11.006091,78.400624,1842344,20468,1527733,294143,"Tamil Nadu, India",2366.796008,1.110976018
05-24-2021,Tamil Nadu,25-05-2021 04:21,11.006091,78.400624,1877211,20872,1554759,301580,"Tamil Nadu, India",2411.588444,1.111862225
05-25-2021,Tamil Nadu,26-05-2021 04:20,11.006091,78.400624,1911496,21340,1583504,306652,"Tamil Nadu, India",2455.633205,1.116403069
05-26-2021,Tamil Nadu,27-05-2021 04:20,11.006091,78.400624,1945260,21815,1613221,310224,"Tamil Nadu, India",2499.008656,1.12144392
05-27-2021,Tamil Nadu,28-05-2021 04:20,11.006091,78.400624,1978621,22289,1643284,313048,"Tamil Nadu, India",2541.866386,1.126491632
05-28-2021,Tamil Nadu,29-05-2021 04:20,11.006091,78.400624,2009700,22775,1674539,312386,"Tamil Nadu, India",2581.792509,1.133253719
05-29-2021,Tamil Nadu,30-05-2021 04:20,11.006091,78.400624,2039716,23261,1706298,310157,"Tamil Nadu, India",2620.353032,1.14040386
05-30-2021,Tamil Nadu,31-05-2021 03:08,11.006091,78.400624,2068580,23754,1739280,305546,"Tamil Nadu, India",2657.433621,1.148323971
05-31-2021,Tamil Nadu,01-06-2021 04:23,11.006091,78.400624,2096516,24232,1770503,301781,"Tamil Nadu, India",2693.32204,1.155822326
06-13-2020,Tamil Nadu,14-06-2020 03:33,11.006091,78.400624,40698,367,22047,18284,"Tamil Nadu, India",52.28332165,0.901764214
06-13-2021,Tamil Nadu,14-06-2021 04:22,11.006091,78.400624,2353721,29547,2174247,149927,"Tamil Nadu, India",3023.744462,1.255331452
06-14-2020,Tamil Nadu,15-06-2020 03:33,11.006091,78.400624,42687,397,23409,18881,"Tamil Nadu, India",54.83852158,0.930025535
06-14-2021,Tamil Nadu,15-06-2021 04:22,11.006091,78.400624,2366493,29801,2199808,136884,"Tamil Nadu, India",3040.152211,1.25928959
06-15-2020,Tamil Nadu,16-06-2020 04:33,11.006091,78.400624,46504,479,25344,20681,"Tamil Nadu, India",59.74209027,1.030018923
06-15-2021,Tamil Nadu,16-06-2021 04:22,11.006091,78.400624,2378298,30068,2223015,125215,"Tamil Nadu, India",3055.317689,1.264265454
06-16-2020,Tamil Nadu,17-06-2020 04:33,11.006091,78.400624,48019,528,26782,20709,"Tamil Nadu, India",61.6883587,1.099564756
06-16-2021,Tamil Nadu,17-06-2021 04:22,11.006091,78.400624,2388746,30338,2244073,114335,"Tamil Nadu, India",3068.739875,1.270038757
06-17-2020,Tamil Nadu,18-06-2020 04:33,11.006091,78.400624,50193,576,27624,21993,"Tamil Nadu, India",64.48122177,1.147570378
06-17-2021,Tamil Nadu,18-06-2021 04:22,11.006091,78.400624,2397864,30548,2266793,100523,"Tamil Nadu, India",3080.453457,1.273967164
06-18-2020,Tamil Nadu,19-06-2020 04:33,11.006091,78.400624,52334,625,28641,23068,"Tamil Nadu, India",67.23169087,1.194252303
06-18-2021,Tamil Nadu,19-06-2021 04:22,11.006091,78.400624,2406497,30835,2286653,89009,"Tamil Nadu, India",3091.543975,1.281323018
06-19-2020,Tamil Nadu,20-06-2020 04:33,11.006091,78.400624,54449,666,30271,23512,"Tamil Nadu, India",69.94875867,1.22316296
06-19-2021,Tamil Nadu,20-06-2021 04:21,11.006091,78.400624,2414680,31015,2304885,78780,"Tamil Nadu, India",3102.056394,1.284435205
06-20-2020,Tamil Nadu,21-06-2020 04:33,11.006091,78.400624,56845,704,31316,24825,"Tamil Nadu, India",73.02681751,1.238455449
06-20-2021,Tamil Nadu,21-06-2021 04:21,11.006091,78.400624,2422497,31197,2321928,69372,"Tamil Nadu, India",3112.098625,1.287803452
06-21-2020,Tamil Nadu,22-06-2020 04:33,11.006091,78.400624,59377,757,32754,25866,"Tamil Nadu, India",76.27959088,1.274904424
06-21-2021,Tamil Nadu,22-06-2021 04:21,11.006091,78.400624,2429924,31386,2337209,61329,"Tamil Nadu, India",3121.639837,1.291645335
06-22-2020,Tamil Nadu,23-06-2020 04:33,11.006091,78.400624,62087,794,34112,27181,"Tamil Nadu, India",79.76103472,1.278850645
06-22-2021,Tamil Nadu,23-06-2021 04:21,11.006091,78.400624,2436819,31580,2348353,56886,"Tamil Nadu, India",3130.497606,1.295951813
06-23-2020,Tamil Nadu,24-06-2020 04:33,11.006091,78.400624,64603,833,35339,28431,"Tamil Nadu, India",82.99325344,1.289413804
06-23-2021,Tamil Nadu,24-06-2021 04:21,11.006091,78.400624,2443415,31746,2358785,52884,"Tamil Nadu, India",3138.971261,1.29924716
06-24-2020,Tamil Nadu,25-06-2020 05:26,11.006091,78.400624,67468,866,37763,28839,"Tamil Nadu, India",86.67382046,1.283571471
06-24-2021,Tamil Nadu,25-06-2021 04:21,11.006091,78.400624,2449577,31901,2367831,49845,"Tamil Nadu, India",3146.88737,1.30230648
06-25-2020,Tamil Nadu,26-06-2020 04:33,11.006091,78.400624,70977,911,39999,30067,"Tamil Nadu, India",91.18171214,1.283514378
06-25-2021,Tamil Nadu,26-06-2021 04:21,11.006091,78.400624,2455332,32051,2375963,47318,"Tamil Nadu, India",3154.280621,1.305363185
06-26-2020,Tamil Nadu,27-06-2020 04:33,11.006091,78.400624,74622,957,41357,32308,"Tamil Nadu, India",95.86431834,1.282463617
06-26-2021,Tamil Nadu,27-06-2021 04:21,11.006091,78.400624,2460747,32199,2383624,44924,"Tamil Nadu, India",3161.237085,1.3085051
06-27-2020,Tamil Nadu,28-06-2020 04:34,11.006091,78.400624,78335,1025,44094,33216,"Tamil Nadu, India",100.6342818,1.308482798
06-27-2021,Tamil Nadu,28-06-2021 04:21,11.006091,78.400624,2465874,32290,2390783,42801,"Tamil Nadu, India",3167.823566,1.309474856
06-28-2020,Tamil Nadu,29-06-2020 04:33,11.006091,78.400624,82275,1079,45537,35659,"Tamil Nadu, India",105.6958644,1.311455485
06-28-2021,Tamil Nadu,29-06-2021 04:21,11.006091,78.400624,2470678,32388,2397336,40954,"Tamil Nadu, India",3173.9951,1.310895228
06-29-2020,Tamil Nadu,30-06-2020 04:33,11.006091,78.400624,86224,1141,47749,37334,"Tamil Nadu, India",110.7690089,1.323297458
06-29-2021,Tamil Nadu,30-06-2021 04:21,11.006091,78.400624,2475190,32506,2403349,39335,"Tamil Nadu, India",3179.791511,1.31327292
06-30-2020,Tamil Nadu,01-07-2020 04:33,11.006091,78.400624,90167,1201,50074,38892,"Tamil Nadu, India",115.8344455,1.331972895
06-30-2021,Tamil Nadu,01-07-2021 04:21,11.006091,78.400624,2479696,32619,2408886,38191,"Tamil Nadu, India",3185.580214,1.315443506
07-13-2020,Tamil Nadu,14-07-2020 04:34,11.006091,78.400624,142798,2032,92567,48199,"Tamil Nadu, India",183.4476821,1.422989117
07-13-2021,Tamil Nadu,14-07-2021 04:21,11.006091,78.400624,2523943,33502,2459223,31218,"Tamil Nadu, India",3242.422814,1.327367536
07-14-2020,Tamil Nadu,15-07-2020 04:34,11.006091,78.400624,147324,2099,97310,47915,"Tamil Nadu, India",189.2620787,1.424750889
07-14-2021,Tamil Nadu,15-07-2021 04:21,11.006091,78.400624,2526401,33557,2462244,30600,"Tamil Nadu, India",3245.580522,1.328253116
07-15-2020,Tamil Nadu,16-07-2020 04:44,11.006091,78.400624,151820,2167,102310,47343,"Tamil Nadu, India",195.0379353,1.427348175
07-15-2021,Tamil Nadu,16-07-2021 04:21,11.006091,78.400624,2528806,33606,2465250,29950,"Tamil Nadu, India",3248.670143,1.328927565
07-16-2020,Tamil Nadu,17-07-2020 04:34,11.006091,78.400624,156369,2236,107416,46717,"Tamil Nadu, India",200.8818793,1.429950949
07-16-2021,Tamil Nadu,17-07-2021 04:22,11.006091,78.400624,2531118,33652,2468236,29230,"Tamil Nadu, India",3251.64029,1.329531061
07-17-2020,Tamil Nadu,18-07-2020 04:34,11.006091,78.400624,160907,2315,110807,47785,"Tamil Nadu, India",206.7116919,1.43871926
07-17-2021,Tamil Nadu,18-07-2021 04:22,11.006091,78.400624,2533323,33695,2471038,28590,"Tamil Nadu, India",3254.472978,1.330071215
07-18-2020,Tamil Nadu,19-07-2020 04:34,11.006091,78.400624,165714,2403,113856,49455,"Tamil Nadu, India",212.8870795,1.450088707
07-18-2021,Tamil Nadu,19-07-2021 04:21,11.006091,78.400624,2535402,33724,2473781,27897,"Tamil Nadu, India",3257.143798,1.330124375
07-19-2020,Tamil Nadu,20-07-2020 05:34,11.006091,78.400624,170693,2481,117915,50297,"Tamil Nadu, India",219.2834297,1.453486669
07-19-2021,Tamil Nadu,20-07-2021 04:21,11.006091,78.400624,2537373,33752,2476339,27282,"Tamil Nadu, India",3259.675873,1.330194654
07-20-2020,Tamil Nadu,21-07-2020 04:38,11.006091,78.400624,175678,2551,121776,51351,"Tamil Nadu, India",225.6874878,1.45208848
07-20-2021,Tamil Nadu,21-07-2021 04:21,11.006091,78.400624,2539277,33782,2478778,26717,"Tamil Nadu, India",3262.121877,1.330378687
07-21-2020,Tamil Nadu,22-07-2020 04:34,11.006091,78.400624,180643,2626,126670,51347,"Tamil Nadu, India",232.0658527,1.453695964
07-21-2021,Tamil Nadu,22-07-2021 04:21,11.006091,78.400624,2541168,33809,2481201,26158,"Tamil Nadu, India",3264.55118,1.330451194
07-22-2020,Tamil Nadu,23-07-2020 05:15,11.006091,78.400624,186492,3144,131583,51765,"Tamil Nadu, India",239.5798619,1.685863201
07-22-2021,Tamil Nadu,23-07-2021 04:21,11.006091,78.400624,2543040,33838,2483676,25526,"Tamil Nadu, India",3266.956074,1.330612181
07-23-2020,Tamil Nadu,24-07-2020 05:30,11.006091,78.400624,192964,3232,136793,52939,"Tamil Nadu, India",247.8942179,1.67492382
07-23-2021,Tamil Nadu,24-07-2021 00:21,11.006091,78.400624,2544870,33862,2483676,27332,"Tamil Nadu, India",3269.307012,1.33059842
07-24-2020,Tamil Nadu,25-07-2020 04:47,11.006091,78.400624,199749,3320,143297,53132,"Tamil Nadu, India",256.6106741,1.662085918
07-24-2021,Tamil Nadu,25-07-2021 04:22,11.006091,78.400624,2546689,33889,2488775,24025,"Tamil Nadu, India",3271.643818,1.330708225
07-25-2020,Tamil Nadu,26-07-2020 04:35,11.006091,78.400624,206737,3409,151055,52273,"Tamil Nadu, India",265.5879175,1.648954952
07-25-2021,Tamil Nadu,26-07-2021 04:21,11.006091,78.400624,2548497,33911,2491222,23364,"Tamil Nadu, India",3273.966494,1.330627425
07-26-2020,Tamil Nadu,27-07-2020 04:35,11.006091,78.400624,213723,3494,156526,53703,"Tamil Nadu, India",274.5625916,1.634826387
07-26-2021,Tamil Nadu,27-07-2021 04:21,11.006091,78.400624,2550282,33937,2493583,22762,"Tamil Nadu, India",3276.259622,1.330715584
07-27-2020,Tamil Nadu,28-07-2020 04:58,11.006091,78.400624,220716,3571,162249,54896,"Tamil Nadu, India",283.5462583,1.617916236
07-27-2021,Tamil Nadu,28-07-2021 04:21,11.006091,78.400624,2552049,33966,2495895,22188,"Tamil Nadu, India",3278.529626,1.330930558
07-28-2020,Tamil Nadu,29-07-2020 04:35,11.006091,78.400624,220716,3571,162249,54896,"Tamil Nadu, India",283.5462583,1.617916236
07-28-2021,Tamil Nadu,29-07-2021 04:21,11.006091,78.400624,2553805,33995,2498289,21521,"Tamil Nadu, India",3280.785499,1.331150969
07-29-2020,Tamil Nadu,30-07-2020 04:35,11.006091,78.400624,234114,3741,172883,57490,"Tamil Nadu, India",300.7582084,1.597939465
07-29-2021,Tamil Nadu,30-07-2021 04:21,11.006091,78.400624,2555664,34023,2500434,21207,"Tamil Nadu, India",3283.173692,1.33127829
07-30-2020,Tamil Nadu,31-07-2020 04:35,11.006091,78.400624,239978,3838,178178,57962,"Tamil Nadu, India",308.2914876,1.59931327
07-30-2021,Tamil Nadu,31-07-2021 04:21,11.006091,78.400624,2557611,34050,2502627,20934,"Tamil Nadu, India",3285.674936,1.331320517
07-31-2020,Tamil Nadu,01-08-2020 04:36,11.006091,78.400624,245859,3935,183956,57968,"Tamil Nadu, India",315.8466061,1.600510862
07-31-2021,Tamil Nadu,01-08-2021 04:21,11.006091,78.400624,2559597,34076,2504805,20716,"Tamil Nadu, India",3288.226282,1.331303326
08-13-2020,Tamil Nadu,14-08-2020 04:51,11.006091,78.400624,320355,5397,261459,53499,"Tamil Nadu, India",411.5490566,1.684693543
08-13-2022,Tamil Nadu,14-08-2022 04:20,11.006091,78.400624,3558029,38033,"Tamil Nadu, India",4570.877553,1.068934514,,
08-14-2020,Tamil Nadu,15-08-2020 04:27,11.006091,78.400624,326245,5514,267015,53716,"Tamil Nadu, India",419.1157372,1.690140845
08-14-2022,Tamil Nadu,15-08-2022 04:20,11.006091,78.400624,3558788,38033,"Tamil Nadu, India",4571.852614,1.068706537,,
08-15-2020,Tamil Nadu,16-08-2020 04:27,11.006091,78.400624,332105,5641,272251,54213,"Tamil Nadu, India",426.6438777,1.698559191
08-15-2022,Tamil Nadu,16-08-2022 04:20,11.006091,78.400624,3559491,38033,"Tamil Nadu, India",4572.755734,1.068495467,,
08-16-2020,Tamil Nadu,17-08-2020 04:27,11.006091,78.400624,338055,5766,278270,54019,"Tamil Nadu, India",434.2876382,1.705639615
08-16-2022,Tamil Nadu,17-08-2022 04:20,11.006091,78.400624,3560161,38033,"Tamil Nadu, India",4573.61646,1.068294383,,
08-17-2020,Tamil Nadu,18-08-2020 04:27,11.006091,78.400624,343945,5886,283937,54122,"Tamil Nadu, India",441.8543187,1.711320124
08-17-2022,Tamil Nadu,18-08-2022 04:21,11.006091,78.400624,3560810,38033,"Tamil Nadu, India",4574.450208,1.068099674,,
08-18-2020,Tamil Nadu,19-08-2020 04:27,11.006091,78.400624,349654,6007,289787,53860,"Tamil Nadu, India",449.1884748,1.717984064
08-18-2022,Tamil Nadu,19-08-2022 04:20,11.006091,78.400624,3561453,38033,"Tamil Nadu, India",4575.276248,1.067906835,,
08-19-2020,Tamil Nadu,20-08-2020 04:27,11.006091,78.400624,355449,6123,296171,53155,"Tamil Nadu, India",456.6331121,1.722609995
08-19-2022,Tamil Nadu,20-08-2022 04:21,11.006091,78.400624,3562092,38033,"Tamil Nadu, India",4576.097149,1.067715264,,
08-20-2020,Tamil Nadu,21-08-2020 04:27,11.006091,78.400624,361435,6239,301913,53283,"Tamil Nadu, India",464.3231205,1.726174831
08-21-2020,Tamil Nadu,22-08-2020 04:27,11.006091,78.400624,367430,6340,307677,53413,"Tamil Nadu, India",472.024691,1.725498734
08-21-2022,Tamil Nadu,22-08-2022 04:20,11.006091,78.400624,3563322,38033,"Tamil Nadu, India",4577.677288,1.067346706,,
08-22-2020,Tamil Nadu,23-08-2020 04:27,11.006091,78.400624,373410,6420,313280,53710,"Tamil Nadu, India",479.7069914,1.719289789
08-22-2022,Tamil Nadu,23-08-2022 04:20,11.006091,78.400624,3563913,38033,"Tamil Nadu, India",4578.436525,1.067169709,,
08-23-2020,Tamil Nadu,24-08-2020 04:27,11.006091,78.400624,379385,6517,319327,53541,"Tamil Nadu, India",487.3828685,1.717780091
08-23-2022,Tamil Nadu,24-08-2022 04:20,11.006091,78.400624,3564473,38033,"Tamil Nadu, India",4579.155938,1.067002051,,
08-24-2020,Tamil Nadu,25-08-2020 04:28,11.006091,78.400624,385352,6614,325456,53282,"Tamil Nadu, India",495.0484683,1.716352841
08-24-2022,Tamil Nadu,25-08-2022 04:21,11.006091,78.400624,3565020,38033,"Tamil Nadu, India",4579.85865,1.066838335,,
08-25-2020,Tamil Nadu,26-08-2020 04:28,11.006091,78.400624,391303,6721,332454,52128,"Tamil Nadu, India",502.6935135,1.717594805
08-25-2022,Tamil Nadu,26-08-2022 04:21,11.006091,78.400624,3565562,38034,"Tamil Nadu, India",4580.554939,1.066704211,,
08-26-2020,Tamil Nadu,27-08-2020 04:28,11.006091,78.400624,397261,6839,338060,52362,"Tamil Nadu, India",510.3475513,1.721538233
08-26-2022,Tamil Nadu,27-08-2022 04:20,11.006091,78.400624,3566101,38034,"Tamil Nadu, India",4581.247374,1.066542983,,
08-27-2020,Tamil Nadu,28-08-2020 04:28,11.006091,78.400624,403242,6948,343930,52364,"Tamil Nadu, India",518.0311364,1.723034803
08-27-2022,Tamil Nadu,28-08-2022 04:21,11.006091,78.400624,3566635,38034,"Tamil Nadu, India",4581.933385,1.0663833,,
08-28-2020,Tamil Nadu,29-08-2020 04:28,11.006091,78.400624,409238,7050,349682,52506,"Tamil Nadu, India",525.7339915,1.722713922
08-28-2022,Tamil Nadu,29-08-2022 04:21,11.006091,78.400624,3567160,38034,"Tamil Nadu, India",4582.607834,1.066226354,,
08-29-2020,Tamil Nadu,30-08-2020 04:28,11.006091,78.400624,415590,7137,355727,52726,"Tamil Nadu, India",533.8941875,1.717317549
08-29-2022,Tamil Nadu,30-08-2022 04:21,11.006091,78.400624,3567160,38034,"Tamil Nadu, India",4582.607834,1.066226354,,
08-30-2020,Tamil Nadu,31-08-2020 04:28,11.006091,78.400624,422085,7231,362133,52721,"Tamil Nadu, India",542.2380908,1.713162041
08-30-2022,Tamil Nadu,31-08-2022 04:20,11.006091,78.400624,3567160,38034,"Tamil Nadu, India",4582.607834,1.066226354,,
08-31-2020,Tamil Nadu,01-09-2020 04:28,11.006091,78.400624,428041,7322,368141,52578,"Tamil Nadu, India",549.8895592,1.710583799
08-31-2022,Tamil Nadu,01-09-2022 04:21,11.006091,78.400624,3568657,38035,"Tamil Nadu, India",4584.530979,1.065807109,,
09-13-2020,Tamil Nadu,14-09-2020 04:26,11.006091,78.400624,502759,8381,447366,47012,"Tamil Nadu, India",645.8772055,1.667001486
09-14-2020,Tamil Nadu,15-09-2020 03:22,11.006091,78.400624,502759,8381,447366,47012,"Tamil Nadu, India",645.8772055,1.667001486
09-15-2020,Tamil Nadu,16-09-2020 04:22,11.006091,78.400624,514208,8502,458900,46806,"Tamil Nadu, India",660.5853422,1.653416516
09-16-2020,Tamil Nadu,17-09-2020 04:22,11.006091,78.400624,519860,8559,464668,46633,"Tamil Nadu, India",667.8462723,1.646404801
09-17-2020,Tamil Nadu,18-09-2020 05:05,11.006091,78.400624,525420,8618,470192,46610,"Tamil Nadu, India",674.9890132,1.64021164
09-18-2020,Tamil Nadu,19-09-2020 04:22,11.006091,78.400624,530908,8685,475717,46506,"Tamil Nadu, India",682.0392582,1.635876649
09-19-2020,Tamil Nadu,20-09-2020 04:22,11.006091,78.400624,536477,8751,481273,46453,"Tamil Nadu, India",689.193561,1.63119761
09-20-2020,Tamil Nadu,21-09-2020 04:23,11.006091,78.400624,541993,8811,486479,46703,"Tamil Nadu, India",696.2797766,1.625666752
09-21-2020,Tamil Nadu,22-09-2020 04:23,11.006091,78.400624,547337,8871,491971,46495,"Tamil Nadu, India",703.1450297,1.620756499
09-22-2020,Tamil Nadu,23-09-2020 04:23,11.006091,78.400624,552674,8947,497377,46350,"Tamil Nadu, India",710.0012902,1.618856686
09-23-2020,Tamil Nadu,24-09-2020 04:23,11.006091,78.400624,557999,9010,502740,46249,"Tamil Nadu, India",716.8421346,1.614698234
09-24-2020,Tamil Nadu,25-09-2020 04:23,11.006091,78.400624,563691,9076,508210,46405,"Tamil Nadu, India",724.1544514,1.610101989
09-25-2020,Tamil Nadu,26-09-2020 04:23,11.006091,78.400624,569370,9148,513836,46386,"Tamil Nadu, India",731.4500675,1.606688094
09-26-2020,Tamil Nadu,27-09-2020 04:23,11.006091,78.400624,575017,9233,519448,46336,"Tamil Nadu, India",738.7045743,1.605691658
09-27-2020,Tamil Nadu,28-09-2020 04:23,11.006091,78.400624,580808,9313,525154,46341,"Tamil Nadu, India",746.1440729,1.603455875
09-28-2020,Tamil Nadu,29-09-2020 04:23,11.006091,78.400624,586397,9383,530708,46306,"Tamil Nadu, India",753.3240691,1.600110505
09-29-2020,Tamil Nadu,30-09-2020 04:23,11.006091,78.400624,591943,9453,536209,46281,"Tamil Nadu, India",760.4488247,1.5969443
09-30-2020,Tamil Nadu,01-10-2020 04:23,11.006091,78.400624,597602,9520,541819,46263,"Tamil Nadu, India",767.7187474,1.593033491
10-13-2020,Tamil Nadu,14-10-2020 04:24,11.006091,78.400624,665930,10371,612320,43239,"Tamil Nadu, India",855.4973803,1.557370895
10-14-2020,Tamil Nadu,15-10-2020 04:24,11.006091,78.400624,670392,10423,617403,42566,"Tamil Nadu, India",861.2295584,1.55476199
10-15-2020,Tamil Nadu,16-10-2020 04:24,11.006091,78.400624,674802,10472,622458,41872,"Tamil Nadu, India",866.8949338,1.55186262
10-16-2020,Tamil Nadu,17-10-2020 04:24,11.006091,78.400624,679191,10529,627703,40959,"Tamil Nadu, India",872.5333312,1.550226667
10-17-2020,Tamil Nadu,18-10-2020 04:24,11.006091,78.400624,683486,10586,632708,40192,"Tamil Nadu, India",878.0509701,1.548824702
10-18-2020,Tamil Nadu,19-10-2020 04:24,11.006091,78.400624,687400,10642,637637,39121,"Tamil Nadu, India",883.0791513,1.548152459
10-19-2020,Tamil Nadu,20-10-2020 04:24,11.006091,78.400624,690936,10691,642152,38093,"Tamil Nadu, India",887.621729,1.547321315
10-20-2020,Tamil Nadu,21-10-2020 04:24,11.006091,78.400624,694030,10741,646555,36734,"Tamil Nadu, India",891.5964844,1.547627624
10-21-2020,Tamil Nadu,22-10-2020 04:24,11.006091,78.400624,697116,10780,650856,35480,"Tamil Nadu, India",895.5609625,1.546371049
10-22-2020,Tamil Nadu,23-10-2020 04:24,11.006091,78.400624,700193,10825,655170,34198,"Tamil Nadu, India",899.5138787,1.546002317
10-23-2020,Tamil Nadu,24-10-2020 04:24,11.006091,78.400624,703250,10858,659432,32960,"Tamil Nadu, India",903.4411015,1.543974405
10-24-2020,Tamil Nadu,25-10-2020 04:24,11.006091,78.400624,706136,10893,663456,31787,"Tamil Nadu, India",907.1486465,1.542620685
10-25-2020,Tamil Nadu,26-10-2020 04:25,11.006091,78.400624,709005,10924,667475,30606,"Tamil Nadu, India",910.8343522,1.54075077
10-26-2020,Tamil Nadu,27-10-2020 04:24,11.006091,78.400624,711713,10956,671489,29268,"Tamil Nadu, India",914.3132267,1.539384555
10-27-2020,Tamil Nadu,28-10-2020 04:24,11.006091,78.400624,714235,10983,675518,27734,"Tamil Nadu, India",917.5531534,1.537729179
10-28-2020,Tamil Nadu,29-10-2020 04:24,11.006091,78.400624,716751,11018,679377,26356,"Tamil Nadu, India",920.7853721,1.537214458
10-29-2020,Tamil Nadu,30-10-2020 04:24,11.006091,78.400624,719403,11053,683464,24886,"Tamil Nadu, India",924.1923053,1.536412831
10-30-2020,Tamil Nadu,31-10-2020 04:24,11.006091,78.400624,722011,11091,687388,23532,"Tamil Nadu, India",927.5427133,1.536126181
10-31-2020,Tamil Nadu,01-11-2020 04:36,11.006091,78.400624,724522,11122,691236,22164,"Tamil Nadu, India",930.7685087,1.53508106
11-13-2020,Tamil Nadu,14-11-2020 05:25,11.006091,78.400624,754460,11454,725258,17748,"Tamil Nadu, India",969.2288282,1.518171938
11-14-2020,Tamil Nadu,15-11-2020 05:26,11.006091,78.400624,756372,11466,727752,17154,"Tamil Nadu, India",971.6851089,1.515920737
11-15-2020,Tamil Nadu,16-11-2020 05:25,11.006091,78.400624,758191,11478,730272,16441,"Tamil Nadu, India",974.0219157,1.513866559
11-16-2020,Tamil Nadu,17-11-2020 05:25,11.006091,78.400624,759916,11495,732656,15765,"Tamil Nadu, India",976.2379639,1.51266719
11-17-2020,Tamil Nadu,18-11-2020 05:40,11.006091,78.400624,761568,11513,734970,15085,"Tamil Nadu, India",978.3602315,1.511749443
11-18-2020,Tamil Nadu,19-11-2020 05:25,11.006091,78.400624,763282,11531,737281,14470,"Tamil Nadu, India",980.5621484,1.510712948
11-19-2020,Tamil Nadu,20-11-2020 05:26,11.006091,78.400624,764989,11550,739532,13907,"Tamil Nadu, India",982.7550726,1.509825631
11-20-2020,Tamil Nadu,21-11-2020 05:25,11.006091,78.400624,766677,11568,741705,13404,"Tamil Nadu, India",984.9235882,1.508849229
11-21-2020,Tamil Nadu,22-11-2020 05:25,11.006091,78.400624,768340,11586,743838,12916,"Tamil Nadu, India",987.0599871,1.507926179
11-22-2020,Tamil Nadu,23-11-2020 05:25,11.006091,78.400624,769995,11605,745848,12542,"Tamil Nadu, India",989.1861087,1.507152644
11-23-2020,Tamil Nadu,24-11-2020 05:27,11.006091,78.400624,771619,11622,747752,12245,"Tamil Nadu, India",991.2724057,1.506183751
11-24-2020,Tamil Nadu,25-11-2020 05:27,11.006091,78.400624,773176,11639,749662,11875,"Tamil Nadu, India",993.2726301,1.505349364
11-25-2020,Tamil Nadu,26-11-2020 05:27,11.006091,78.400624,774710,11655,751535,11520,"Tamil Nadu, India",995.2433071,1.504433917
11-26-2020,Tamil Nadu,27-11-2020 05:26,11.006091,78.400624,776174,11669,753332,11173,"Tamil Nadu, India",997.1240576,1.503400011
11-27-2020,Tamil Nadu,28-11-2020 05:25,11.006091,78.400624,777616,11681,754826,11109,"Tamil Nadu, India",998.9765454,1.502155305
11-28-2020,Tamil Nadu,29-11-2020 05:25,11.006091,78.400624,779046,11694,756279,11073,"Tamil Nadu, India",1000.813617,1.501066689
11-29-2020,Tamil Nadu,30-11-2020 05:26,11.006091,78.400624,780505,11703,757750,11052,"Tamil Nadu, India",1002.687944,1.499413841
11-30-2020,Tamil Nadu,01-12-2020 05:26,11.006091,78.400624,781915,11712,759206,10997,"Tamil Nadu, India",1004.499323,1.497861021
12-13-2020,Tamil Nadu,14-12-2020 05:26,11.006091,78.400624,798888,11895,776878,10115,"Tamil Nadu, India",1026.303953,1.488944633
12-14-2020,Tamil Nadu,15-12-2020 05:26,11.006091,78.400624,800029,11909,778081,10039,"Tamil Nadu, India",1027.769756,1.488571039
12-15-2020,Tamil Nadu,16-12-2020 05:28,11.006091,78.400624,801161,11919,779291,9951,"Tamil Nadu, India",1029.223998,1.487715952
12-16-2020,Tamil Nadu,17-12-2020 05:28,11.006091,78.400624,802342,11931,780531,9880,"Tamil Nadu, India",1030.741188,1.487021744
12-17-2020,Tamil Nadu,18-12-2020 05:28,11.006091,78.400624,803516,11942,781745,9829,"Tamil Nadu, India",1032.249385,1.486218072
12-18-2020,Tamil Nadu,19-12-2020 05:27,11.006091,78.400624,804650,11954,782915,9781,"Tamil Nadu, India",1033.706196,1.485614864
12-19-2020,Tamil Nadu,20-12-2020 05:27,11.006091,78.400624,805777,11968,784117,9692,"Tamil Nadu, India",1035.154014,1.485274462
12-20-2020,Tamil Nadu,21-12-2020 05:27,11.006091,78.400624,806891,11983,785315,9593,"Tamil Nadu, India",1036.585132,1.485082867
12-21-2020,Tamil Nadu,22-12-2020 05:22,11.006091,78.400624,807962,11995,786472,9495,"Tamil Nadu, India",1037.961009,1.484599523
12-22-2020,Tamil Nadu,23-12-2020 05:22,11.006091,78.400624,809014,12012,787611,9391,"Tamil Nadu, India",1039.312477,1.48477035
12-23-2020,Tamil Nadu,24-12-2020 05:23,11.006091,78.400624,810080,12024,788742,9314,"Tamil Nadu, India",1040.68193,1.484297847
12-24-2020,Tamil Nadu,25-12-2020 05:22,11.006091,78.400624,811115,12036,789862,9217,"Tamil Nadu, India",1042.011559,1.483883296
12-25-2020,Tamil Nadu,26-12-2020 05:22,11.006091,78.400624,812142,12048,790965,9129,"Tamil Nadu, India",1043.330911,1.483484415
12-26-2020,Tamil Nadu,27-12-2020 05:22,11.006091,78.400624,813161,12059,792063,9039,"Tamil Nadu, India",1044.639985,1.482978156
12-27-2020,Tamil Nadu,28-12-2020 05:22,11.006091,78.400624,814170,12069,793154,8947,"Tamil Nadu, India",1045.936213,1.482368547
12-28-2020,Tamil Nadu,29-12-2020 05:22,11.006091,78.400624,815175,12080,794228,8867,"Tamil Nadu, India",1047.227302,1.481890392
12-29-2020,Tamil Nadu,30-12-2020 05:22,11.006091,78.400624,816132,12092,795293,8747,"Tamil Nadu, India",1048.456727,1.481623071
12-30-2020,Tamil Nadu,31-12-2020 05:22,11.006091,78.400624,817077,12109,796353,8615,"Tamil Nadu, India",1049.670736,1.481990069
12-31-2020,Tamil Nadu,01-01-2021 05:23,11.006091,78.400624,817077,12109,796353,8615,"Tamil Nadu, India",1049.670736,1.481990069
